City_ID,City,Country,Lat,Lng,Max Temp,Humidity,Cloudiness,Wind Speed,Current Description
0,Kwinana,AU,-32.25,115.7667,61.34,100,91,16.67,overcast clouds
1,Vaitape,PF,-16.5167,-151.75,82.17,74,100,19.26,overcast clouds
2,Vaini,TO,-21.2,-175.2,75.36,94,75,0.0,broken clouds
3,Norman Wells,CA,65.282,-126.8329,30.24,47,20,3.44,few clouds
4,Hobart,AU,-42.8794,147.3294,52.05,87,0,8.05,clear sky
5,Sharjah,AE,25.3573,55.4033,87.78,41,0,3.44,clear sky
6,Mataura,NZ,-46.1927,168.8643,47.37,77,97,4.43,overcast clouds
7,Marsh Harbour,BS,26.5412,-77.0636,75.54,70,100,15.79,overcast clouds
8,Kaitangata,NZ,-46.2817,169.8464,50.45,75,11,10.16,few clouds
9,Lavrentiya,RU,65.5833,-171.0,-12.53,90,77,2.08,broken clouds
10,Sao Jose Da Coroa Grande,BR,-8.8978,-35.1478,81.52,75,41,8.32,scattered clouds
11,Ostrovnoy,RU,68.0531,39.5131,31.57,95,100,20.54,overcast clouds
12,Hot Springs,US,34.5037,-93.0552,54.0,31,100,11.99,overcast clouds
13,Shingu,JP,33.7333,135.9833,51.44,68,0,5.61,clear sky
14,Cabo San Lucas,MX,22.8909,-109.9124,85.3,53,20,14.97,few clouds
15,Gidole,ET,5.65,37.3667,64.99,44,100,6.46,overcast clouds
16,Santa Cruz,BO,-17.8,-63.1667,91.45,55,75,13.8,broken clouds
17,Albany,US,42.6001,-73.9662,53.92,65,65,1.01,broken clouds
18,Komsomolskiy,UZ,40.4272,71.7189,66.92,45,48,6.91,scattered clouds
19,Oistins,BB,13.0667,-59.5333,86.09,58,40,17.27,scattered clouds
20,Punta Arenas,CL,-53.15,-70.9167,48.22,81,40,6.91,scattered clouds
21,Hermanus,ZA,-34.4187,19.2345,60.8,71,1,21.5,clear sky
22,Madarounfa,NE,13.3087,7.156,104.23,9,0,6.6,clear sky
23,Bredasdorp,ZA,-34.5322,20.0403,60.85,64,67,17.31,broken clouds
24,Maniitsoq,GL,65.4167,-52.9,21.78,78,100,11.56,overcast clouds
25,Saint-Philippe,RE,-21.3585,55.7679,76.59,87,74,12.01,light rain
26,Hilo,US,19.7297,-155.09,70.25,93,100,5.75,moderate rain
27,Port Elizabeth,ZA,-33.918,25.5701,61.09,80,75,6.91,broken clouds
28,Avarua,CK,-21.2078,-159.775,80.65,89,20,8.05,few clouds
29,Kijang,KR,35.2442,129.2139,47.93,66,0,7.63,clear sky
30,East London,ZA,-33.0153,27.9116,58.14,94,20,3.44,few clouds
31,Geraldton,AU,-28.7667,114.6,68.41,73,100,14.97,overcast clouds
32,Sao Filipe,CV,14.8961,-24.4956,76.62,63,0,12.01,clear sky
33,Aklavik,CA,68.2191,-135.0107,23.0,58,20,4.61,few clouds
34,Malard,IR,35.6659,50.9767,71.04,23,100,4.61,dust
35,Kapaa,US,22.0752,-159.319,75.18,84,100,20.71,light rain
36,Vaasa,FI,63.096,21.6158,39.22,87,75,10.36,broken clouds
37,Provideniya,RU,64.3833,-173.3,-2.2,97,48,5.59,scattered clouds
38,Zarautz,ES,43.2844,-2.1699,57.74,77,100,10.31,overcast clouds
39,Iowa City,US,41.6611,-91.5302,38.32,71,100,8.99,overcast clouds
40,Nabire,ID,-3.3667,135.4833,74.59,95,100,2.53,overcast clouds
41,Margate,GB,51.3813,1.3862,43.88,70,99,3.0,overcast clouds
42,Manaia,NZ,-39.55,174.1333,49.08,90,7,8.99,clear sky
43,Coquimbo,CL,-29.9533,-71.3436,66.15,70,4,7.29,clear sky
44,Linhares,BR,-19.3911,-40.0722,81.05,66,89,6.15,overcast clouds
45,Ushuaia,AR,-54.8,-68.3,44.22,75,0,0.0,clear sky
46,Sabana Grande De Boya,DO,18.945,-69.7933,84.7,66,100,4.29,overcast clouds
47,Leningradskiy,RU,69.3833,178.4167,-12.89,91,94,6.02,overcast clouds
48,Panaba,MX,21.2833,-88.2667,74.73,56,100,17.85,overcast clouds
49,Nemuro,JP,43.3236,145.575,35.69,83,97,8.48,overcast clouds
50,New Norfolk,AU,-42.7826,147.0587,51.71,77,0,3.04,clear sky
51,Tatawin,TN,32.9297,10.4518,63.61,36,1,10.33,clear sky
52,Rikitea,PF,-23.1203,-134.9692,79.52,73,6,17.78,light rain
53,Asfi,MA,32.2994,-9.2372,61.61,76,57,18.84,broken clouds
54,Cape Town,ZA,-33.9258,18.4232,64.11,62,0,17.27,clear sky
55,Casa Nova,BR,-9.4167,-41.1333,91.85,34,99,5.41,overcast clouds
56,Alofi,NU,-19.0595,-169.9187,76.89,94,91,3.44,overcast clouds
57,Bonito,BR,-21.1211,-56.4819,94.35,32,100,4.61,overcast clouds
58,Evanston,US,42.0411,-87.6901,41.52,89,100,7.0,mist
59,Bac Lieu,VN,9.285,105.7244,78.76,82,100,5.14,overcast clouds
60,Mar Del Plata,AR,-38.0023,-57.5575,70.09,91,75,9.22,broken clouds
61,Arraial Do Cabo,BR,-22.9661,-42.0278,84.16,74,20,17.27,few clouds
62,Butaritari,KI,3.0707,172.7902,80.53,81,100,12.97,light rain
63,Lianzhou,CN,24.7811,112.3825,64.49,63,2,0.74,clear sky
64,Nikolskoye,RU,59.7035,30.7861,41.81,94,100,9.01,overcast clouds
65,Koutsouras,GR,35.0339,25.9469,64.11,71,0,3.29,clear sky
66,Dunedin,NZ,-45.8742,170.5036,52.81,66,7,8.99,clear sky
67,Lieksa,FI,63.3167,30.0167,37.78,94,100,9.53,overcast clouds
68,Saint-Joseph,RE,-21.3667,55.6167,75.58,85,44,12.41,light rain
69,Bad Salzuflen,DE,52.0862,8.7443,45.61,74,100,5.68,overcast clouds
70,Busselton,AU,-33.65,115.3333,54.63,85,13,10.54,few clouds
71,Tasiilaq,GL,65.6145,-37.6368,21.36,93,100,12.37,snow
72,Ust-Maya,RU,60.4167,134.5333,-3.17,99,12,2.86,few clouds
73,Kambove,CD,-10.8764,26.5969,62.44,96,98,3.51,overcast clouds
74,Mareeba,AU,-17.0,145.4333,74.12,94,52,2.3,broken clouds
75,Victoria,HK,22.2855,114.1577,71.65,78,0,18.01,clear sky
76,Vila Velha,BR,-20.3297,-40.2925,85.95,71,40,10.36,scattered clouds
77,Port Alfred,ZA,-33.5906,26.891,57.18,93,100,12.15,overcast clouds
78,La Ronge,CA,55.1001,-105.2842,44.82,42,75,16.11,broken clouds
79,Chuy,UY,-33.6971,-53.4616,74.7,59,4,10.42,clear sky
80,Carnarvon,AU,-24.8667,113.6333,68.07,83,96,6.91,overcast clouds
81,Bengkulu,ID,-3.8004,102.2655,74.53,89,100,3.71,overcast clouds
82,Camopi,GF,3.1655,-52.3158,74.73,98,100,3.51,overcast clouds
83,Klyuchi,RU,52.2667,79.1667,38.08,72,6,7.02,clear sky
84,Tuktoyaktuk,CA,69.4541,-133.0374,14.0,67,40,0.0,scattered clouds
85,Marsa Matruh,EG,31.3525,27.2453,62.8,67,75,12.66,broken clouds
86,Caravelas,BR,-17.7125,-39.2481,81.48,69,10,7.74,clear sky
87,Trogir,HR,43.5125,16.2517,60.8,67,20,11.5,few clouds
88,Sao Felix Do Xingu,BR,-6.6447,-51.995,84.81,68,52,4.16,broken clouds
89,Wasilla,US,61.5814,-149.4394,32.02,61,100,5.75,overcast clouds
90,College,US,64.8569,-147.8028,14.2,70,100,13.8,light snow
91,Torbay,CA,47.6666,-52.7314,38.75,85,100,13.8,overcast clouds
92,Fevik,NO,58.3794,8.6766,38.97,52,7,9.4,clear sky
93,Bluff,NZ,-46.6,168.3333,55.8,67,54,18.7,broken clouds
94,Novovarshavka,RU,54.1721,74.6946,33.4,75,0,8.79,clear sky
95,Peru,US,40.7537,-86.0689,45.61,80,75,14.97,broken clouds
96,Lasa,IT,46.6166,10.7002,56.28,98,90,4.52,overcast clouds
97,Bay Roberts,CA,47.5999,-53.2648,38.52,81,64,8.99,broken clouds
98,Santiago Del Estero,AR,-27.7951,-64.2615,80.53,53,0,4.56,clear sky
99,Batagay,RU,67.6333,134.6333,-2.07,100,100,0.81,overcast clouds
100,Cidreira,BR,-30.1811,-50.2056,70.02,83,92,12.35,overcast clouds
101,Semporna,MY,4.4818,118.6112,78.96,85,100,3.0,overcast clouds
102,Yellowknife,CA,62.456,-114.3525,36.12,80,75,11.5,broken clouds
103,Shasta Lake,US,40.6804,-122.3708,77.95,30,100,3.49,overcast clouds
104,Masvingo,ZW,-20.0637,30.8277,64.87,83,98,10.36,overcast clouds
105,Sioux Lookout,CA,50.1001,-91.917,35.67,32,0,13.8,clear sky
106,Ponta Do Sol,PT,32.6667,-17.1,65.01,74,64,0.94,broken clouds
107,Padang,ID,-0.9492,100.3543,77.85,81,64,3.09,moderate rain
108,Longyearbyen,SJ,78.2186,15.6401,12.04,67,0,14.97,clear sky
109,Airai,TL,-8.9266,125.4092,58.03,74,100,2.37,overcast clouds
110,Merrill,US,45.1805,-89.6835,32.68,77,100,13.8,overcast clouds
111,Asyut,EG,27.181,31.1837,87.98,21,0,15.79,clear sky
112,Brownsville,US,25.9018,-97.4975,81.09,28,0,5.75,clear sky
113,Hami,CN,42.8,93.45,67.5,16,100,6.22,overcast clouds
114,Udachnyy,RU,66.4167,112.4,-6.2,100,98,2.55,overcast clouds
115,Beira,MZ,-19.8436,34.8389,80.69,83,75,7.0,broken clouds
116,Gamba,GA,-2.65,10.0,77.68,92,48,5.46,scattered clouds
117,Ryabovo,RU,59.4,31.1333,39.9,96,100,9.24,overcast clouds
118,Thompson,CA,55.7435,-97.8558,42.96,31,40,5.75,scattered clouds
119,La Rioja,ES,42.25,-2.5,49.78,79,100,7.87,overcast clouds
120,Kongolo,CD,-5.3833,27.0,72.27,94,11,1.32,light rain
121,Manadhoo,MV,5.7667,73.3833,84.6,65,57,4.72,broken clouds
122,Omsukchan,RU,62.5333,155.8,7.29,97,100,3.38,overcast clouds
123,Anadyr,RU,64.75,177.4833,-5.3,71,0,2.24,clear sky
124,Broome,US,42.2506,-75.833,57.02,43,100,5.99,overcast clouds
125,Sonkovo,RU,57.7782,37.1571,41.34,90,100,15.01,overcast clouds
126,Qaanaaq,GL,77.484,-69.3632,-0.4,75,0,5.55,clear sky
127,Hay River,CA,60.8156,-115.7999,37.36,80,100,8.05,light rain
128,Jamestown,US,42.097,-79.2353,45.01,75,100,13.0,overcast clouds
129,Khatanga,RU,71.9667,102.5,-4.38,99,73,5.08,broken clouds
130,Bambous Virieux,MU,-20.3428,57.7575,77.22,94,75,12.66,light rain
131,Uglovskoye,RU,51.3557,80.1942,42.39,60,100,8.63,overcast clouds
132,Cherskiy,RU,68.75,161.3,-28.34,98,5,2.35,clear sky
133,Ribeira Grande,PT,38.5167,-28.7,64.8,82,75,33.38,broken clouds
134,Pevek,RU,69.7008,170.3133,-13.85,98,100,3.42,overcast clouds
135,Hakkari,TR,37.5833,44.1667,40.5,99,100,3.18,overcast clouds
136,Georgetown,MY,5.4112,100.3354,80.53,88,20,3.44,thunderstorm
137,Dikson,RU,73.5069,80.5464,-0.24,100,97,7.96,overcast clouds
138,Faranah,GN,10.0404,-10.7434,92.08,31,56,4.47,broken clouds
139,Xichang,CN,27.8964,102.2634,57.78,91,99,1.97,overcast clouds
140,Chokurdakh,RU,70.6333,147.9167,-17.57,97,92,9.48,overcast clouds
141,Hithadhoo,MV,-0.6,73.0833,83.1,69,48,6.73,scattered clouds
142,North Battleford,CA,52.7834,-108.2847,55.4,40,0,19.57,clear sky
143,Adrar,MR,20.5022,-10.0711,83.46,9,0,10.98,clear sky
144,Port Lincoln,AU,-34.7333,135.8667,65.57,82,0,11.54,clear sky
145,Lavras,BR,-21.2453,-44.9997,76.82,75,100,6.15,overcast clouds
146,Paamiut,GL,61.994,-49.6678,26.31,75,100,17.43,overcast clouds
147,Kabare,CD,-2.4683,28.8242,60.78,93,94,1.05,light rain
148,Santarem,BR,-2.4431,-54.7083,86.13,66,20,10.36,few clouds
149,Ardalstangen,NO,61.2371,7.6983,34.29,91,61,1.68,broken clouds
150,Vostok,RU,46.4856,135.8833,30.02,95,98,3.04,overcast clouds
151,Atuona,PF,-9.8,-139.0333,79.47,78,90,18.12,overcast clouds
152,Barrow,US,71.2906,-156.7887,3.52,90,100,17.76,overcast clouds
153,Kavieng,PG,-2.5744,150.7967,79.47,80,100,8.86,light rain
154,Buala,SB,-8.145,159.5921,80.98,81,88,9.08,overcast clouds
155,Yagunovskiy,RU,55.2828,85.978,33.24,86,40,15.99,scattered clouds
156,Maragogi,BR,-9.0122,-35.2225,81.18,77,45,8.41,scattered clouds
157,Connersville,US,39.6412,-85.1411,46.96,74,100,7.0,light rain
158,Evensk,RU,61.95,159.2333,7.52,95,99,7.38,overcast clouds
159,San Patricio,US,28.017,-97.5169,82.17,18,0,3.58,clear sky
160,Ambatondrazaka,MG,-17.8333,48.4167,68.81,92,93,4.29,overcast clouds
161,Tahta,EG,26.7693,31.5021,82.72,20,0,17.92,clear sky
162,Los Llanos De Aridane,ES,28.6585,-17.9182,64.15,80,40,10.36,scattered clouds
163,Kinshasa,CD,-4.3246,15.3215,81.75,70,9,2.1,clear sky
164,Vestmanna,FO,62.1564,-7.1664,32.92,86,75,16.11,light snow
165,Malmesbury,ZA,-33.4608,18.7271,60.78,59,0,10.29,clear sky
166,Sayyan,YE,15.1718,44.3244,60.28,24,0,2.42,clear sky
167,Novikovo,RU,51.1537,37.8879,51.82,86,100,6.62,overcast clouds
168,Wanning,CN,18.8003,110.3967,66.13,80,96,5.26,overcast clouds
169,Viedma,AR,-40.8135,-62.9967,67.21,62,37,11.72,scattered clouds
170,West Wendover,US,40.7391,-114.0733,62.82,14,67,5.86,broken clouds
171,Clyde River,CA,70.4692,-68.5914,5.23,85,0,9.22,mist
172,Grindavik,IS,63.8424,-22.4338,37.35,48,0,4.61,clear sky
173,Coihaique,CL,-45.5752,-72.0662,57.15,62,20,4.61,few clouds
174,Velyka Bahachka,UA,49.7912,33.7226,46.33,79,51,6.73,broken clouds
175,Vanavara,RU,60.34,102.2797,8.94,98,81,1.54,broken clouds
176,Kikwit,CD,-5.041,18.8162,75.9,77,88,1.81,overcast clouds
177,Ilulissat,GL,69.2167,-51.1,14.47,87,100,1.63,overcast clouds
178,Beringovskiy,RU,63.05,179.3167,2.35,88,100,4.5,overcast clouds
179,Sistranda,NO,63.7256,8.834,33.76,59,100,26.44,overcast clouds
180,Grand Gaube,MU,-20.0064,57.6608,77.38,86,37,5.99,scattered clouds
181,Grand-Lahou,CI,5.1367,-5.0242,81.48,82,100,10.56,overcast clouds
182,Tual,ID,-5.6667,132.75,82.06,77,100,11.01,overcast clouds
183,Pimentel,PE,-6.8367,-79.9342,79.09,57,0,11.5,clear sky
184,Labuhan,ID,-6.8844,112.2051,77.09,88,75,9.93,broken clouds
185,Flinders,AU,-34.5833,150.8552,65.37,91,73,3.0,broken clouds
186,Jacareacanga,BR,-6.2222,-57.7528,83.14,88,100,2.59,overcast clouds
187,Zachepylivka,UA,49.1939,35.2394,50.11,92,26,11.12,scattered clouds
188,Lovington,US,32.944,-103.3485,64.33,12,0,1.01,clear sky
189,Pacific Grove,US,36.6177,-121.9166,81.25,68,31,7.0,scattered clouds
190,Thaba-Tseka,LS,-29.522,28.6084,44.69,82,100,4.21,overcast clouds
191,Rio Gallegos,AR,-51.6226,-69.2181,46.45,61,40,4.61,scattered clouds
192,La Cruz,MX,23.9167,-106.9,79.79,62,54,9.71,broken clouds
193,Urucara,BR,-2.5364,-57.76,82.38,89,99,3.38,heavy intensity rain
194,Atar,MR,20.5169,-13.0499,86.92,10,0,10.56,clear sky
195,Iqaluit,CA,63.7506,-68.5145,20.93,67,75,11.5,broken clouds
196,Muzhi,RU,65.3667,64.6667,2.75,98,100,3.31,overcast clouds
197,Cockburn Town,TC,21.4612,-71.1419,82.36,65,40,19.57,scattered clouds
198,Mandurah,AU,-32.55,115.7,59.92,77,64,15.59,broken clouds
199,Hatillo,PR,18.4863,-66.8254,81.39,90,100,8.99,overcast clouds
200,Atasu,KZ,48.6814,71.6433,42.35,72,8,7.49,clear sky
201,Tiksi,RU,71.6872,128.8694,-9.62,100,100,4.12,overcast clouds
202,Fortuna,US,40.5982,-124.1573,54.86,89,75,13.8,broken clouds
203,Belmonte,BR,-15.8631,-38.8828,82.24,66,0,8.37,clear sky
204,Goderich,CA,43.7501,-81.7165,44.91,75,45,11.5,scattered clouds
205,Narsaq,GL,60.9167,-46.05,32.32,70,39,5.03,scattered clouds
206,Srednekolymsk,RU,67.45,153.6833,-21.46,99,42,9.08,scattered clouds
207,Asau,RO,46.4333,26.4,58.28,64,100,6.62,overcast clouds
208,Talaya,RU,61.3833,152.75,-12.05,99,75,2.15,broken clouds
209,Faanui,PF,-16.4833,-151.75,82.09,75,100,19.28,overcast clouds
210,Kenora,CA,49.8167,-94.4337,40.17,30,0,15.01,clear sky
211,Puerto Ayora,EC,-0.7393,-90.3518,84.16,76,39,10.4,light rain
212,Vestmannaeyjar,IS,63.4427,-20.2734,36.59,48,0,11.5,clear sky
213,Male,MV,4.1748,73.5089,84.24,68,36,6.2,scattered clouds
214,Oranjemund,NA,-28.55,16.4333,63.61,64,0,17.38,clear sky
215,Coahuayana,MX,18.7333,-103.6833,90.64,37,17,8.63,few clouds
216,Nalut,LY,30.3333,10.85,75.13,21,91,11.65,overcast clouds
217,Grand Forks,US,47.9417,-97.4337,40.78,53,6,14.43,clear sky
218,Laguna,US,38.421,-121.4238,87.08,37,0,3.0,clear sky
219,Ambon,ID,-3.6954,128.1814,80.74,83,40,3.44,scattered clouds
220,Rio Cuarto,AR,-33.1307,-64.3499,87.33,37,0,19.57,clear sky
221,Healdsburg,US,38.6105,-122.8692,86.9,37,100,5.99,overcast clouds
222,Jumla,NP,29.2747,82.1838,48.2,51,0,3.74,clear sky
223,Dalbandin,PK,28.8947,64.4101,80.74,9,0,0.13,clear sky
224,Klaksvik,FO,62.2266,-6.589,34.72,72,100,19.3,overcast clouds
225,Marawi,PH,7.9986,124.2928,69.1,97,100,1.97,heavy intensity rain
226,Bull Savanna,JM,17.8868,-77.5902,81.09,65,87,13.65,overcast clouds
227,Meulaboh,ID,4.1363,96.1285,76.84,87,90,2.91,overcast clouds
228,Cherrapunji,IN,25.3,91.7,57.07,81,0,3.49,clear sky
229,Breves,BR,-1.6822,-50.4803,73.58,97,100,5.46,moderate rain
230,Jaciara,BR,-15.9653,-54.9683,85.23,64,99,1.59,overcast clouds
231,Vila Franca Do Campo,PT,37.7167,-25.4333,63.01,90,94,24.43,overcast clouds
232,Seydi,TM,39.4816,62.9137,74.95,30,15,6.53,few clouds
233,Ugoofaaru,MV,5.6667,73.0,84.54,66,28,5.23,scattered clouds
234,Zaykovo,RU,57.5613,62.7568,30.29,93,100,3.51,overcast clouds
235,Jiuquan,CN,39.7432,98.5174,60.64,10,6,8.72,clear sky
236,Krasnoarmeysk,RU,51.0239,45.6969,51.04,69,100,11.56,overcast clouds
237,Leninskoye,KZ,41.7589,69.3864,66.18,44,100,4.99,overcast clouds
238,Bilma,NE,18.6853,12.9164,91.87,5,0,7.43,clear sky
239,Opotiki,NZ,-38.0833,177.2833,51.39,83,0,6.42,clear sky
240,Talnakh,RU,69.4865,88.3972,-0.8,98,100,3.87,overcast clouds
241,Yar-Sale,RU,66.8333,70.8333,-9.44,96,72,8.25,broken clouds
242,Moree,AU,-29.4667,149.85,62.62,82,75,8.05,broken clouds
243,Sumbe,AO,-11.2061,13.8437,77.47,89,98,4.34,light rain
244,Igbo Ora,NG,7.4333,3.2833,83.17,67,100,12.88,light rain
245,Maldonado,UY,-34.6667,-54.9167,74.59,47,0,12.21,clear sky
246,Juneau,US,58.3019,-134.4197,43.21,84,100,2.86,overcast clouds
247,Beloha,MG,-25.1667,45.05,75.06,86,36,11.14,scattered clouds
248,Tommot,RU,58.9564,126.2925,-2.25,100,71,0.96,broken clouds
249,Kerema,PG,-7.9631,145.7785,77.13,87,100,2.24,overcast clouds
250,Hwange,ZW,-18.3693,26.5019,71.31,66,7,3.22,clear sky
251,Port-Gentil,GA,-0.7193,8.7815,80.38,87,18,11.56,moderate rain
252,Havelock,US,34.8791,-76.9013,71.58,48,57,15.99,broken clouds
253,Saskylakh,RU,71.9167,114.0833,-12.41,100,98,3.06,overcast clouds
254,Nuuk,GL,64.1835,-51.7216,23.88,92,100,8.01,overcast clouds
255,Vanimo,PG,-2.6741,141.3028,77.04,90,100,6.13,light rain
256,Palana,RU,59.1167,159.9667,17.37,95,100,6.31,overcast clouds
257,Zabolotovka,RU,50.2737,39.3147,52.2,67,100,6.71,overcast clouds
258,Sorong,ID,-0.8833,131.25,79.03,85,100,9.37,overcast clouds
259,Americus,US,32.0724,-84.2327,68.13,22,40,20.71,scattered clouds
260,Santo Tomas,PH,14.1079,121.1414,79.56,89,94,4.79,overcast clouds
261,Enid,US,36.3956,-97.8784,60.98,27,0,21.85,clear sky
262,Sitka,US,57.0531,-135.33,37.29,87,100,4.61,light rain
263,Orillia,CA,44.6087,-79.4207,49.89,70,100,10.36,overcast clouds
264,Christchurch,NZ,-43.5333,172.6333,51.01,85,75,0.0,broken clouds
265,Pisco,PE,-13.7,-76.2167,70.02,78,0,6.91,clear sky
266,Castro,BR,-24.7911,-50.0119,72.25,83,100,5.79,overcast clouds
267,Phalodi,IN,27.1333,72.3667,86.7,15,1,11.88,clear sky
268,Cururupu,BR,-1.8283,-44.8683,80.28,90,99,3.6,moderate rain
269,Talcahuano,CL,-36.7167,-73.1167,59.47,80,82,11.41,broken clouds
270,Mezen,RU,65.8522,44.24,34.02,90,100,12.37,overcast clouds
271,Bonavista,CA,48.6499,-53.1147,32.9,86,100,10.38,overcast clouds
272,Neryungri,RU,56.6709,124.6491,2.93,98,99,2.62,overcast clouds
273,Raisen,IN,23.3333,77.8,81.5,10,1,3.89,clear sky
274,Tiarei,PF,-17.5333,-149.3333,84.22,76,100,19.62,light rain
275,Tazovskiy,RU,67.4667,78.7,-10.62,100,72,7.74,broken clouds
276,Tura,IN,25.5198,90.2201,71.92,71,0,5.08,clear sky
277,Denpasar,ID,-8.65,115.2167,78.46,83,40,3.44,scattered clouds
278,Ancud,CL,-41.8697,-73.8203,62.22,61,25,5.66,scattered clouds
279,Ushumun,RU,52.7833,126.5333,25.61,93,100,5.03,overcast clouds
280,Mahebourg,MU,-20.4081,57.7,77.25,82,84,14.43,light rain
281,Hachinohe,JP,40.5,141.5,35.76,70,1,7.25,clear sky
282,Yerbogachen,RU,61.2767,108.0108,4.03,99,65,1.1,broken clouds
283,Bima,ID,-8.4667,118.7167,75.07,93,98,3.33,overcast clouds
284,Nadym,RU,65.5333,72.5167,-8.63,98,21,9.15,few clouds
285,Itarema,BR,-2.9248,-39.9167,81.99,80,37,12.28,light rain
286,Iquitos,PE,-3.7481,-73.2472,88.88,59,98,2.26,light rain
287,Richards Bay,ZA,-28.783,32.0377,65.17,89,100,3.0,light rain
288,Noshiro,JP,40.2039,140.0242,37.8,75,0,5.99,clear sky
289,Burnie,AU,-41.0667,145.9167,61.92,83,100,12.75,overcast clouds
290,Sobolevo,RU,54.4299,31.8996,40.55,95,100,11.3,light rain
291,Kirakira,SB,-10.4544,161.9205,80.11,85,99,8.25,overcast clouds
292,Abu Dhabi,AE,24.4667,54.3667,84.31,72,0,2.3,clear sky
293,Inverell,AU,-29.7833,151.1167,63.66,94,8,6.76,clear sky
294,Usinsk,RU,65.9939,57.5281,4.95,98,68,9.69,broken clouds
295,Qaqortoq,GL,60.7167,-46.0333,31.59,72,9,5.77,clear sky
296,Ciudad Guayana,VE,8.3533,-62.6528,90.59,41,100,10.54,overcast clouds
297,Laela,TZ,-8.5667,32.05,60.4,91,27,2.68,scattered clouds
298,Trincomalee,LK,8.5711,81.2335,78.78,83,89,7.18,overcast clouds
299,Nicoya,CR,10.1483,-85.452,92.86,41,100,2.73,overcast clouds
300,Spencer,US,43.1414,-95.1444,41.76,67,65,22.32,broken clouds
301,Stokmarknes,NO,68.5646,14.9108,35.56,51,0,11.5,clear sky
302,Port Hedland,AU,-20.3167,118.5667,78.85,89,7,5.75,clear sky
303,Mahon,ES,39.8885,4.2658,57.76,88,0,11.5,clear sky
304,Ahipara,NZ,-35.1667,173.1667,56.73,82,4,6.08,clear sky
305,Luderitz,NA,-26.6481,15.1594,64.09,63,0,10.89,clear sky
306,Salinopolis,BR,-0.6136,-47.3561,74.77,95,100,4.43,overcast clouds
307,Svetlaya,RU,46.5389,138.3297,30.87,79,15,4.52,few clouds
308,Saldanha,ZA,-33.0117,17.9442,64.08,56,0,14.58,clear sky
309,Katsuura,JP,35.1333,140.3,60.76,70,0,16.37,clear sky
310,Severo-Kurilsk,RU,50.6789,156.125,29.32,78,96,18.57,overcast clouds
311,Boca Do Acre,BR,-8.7522,-67.3978,92.39,49,28,3.47,scattered clouds
312,Inhambane,MZ,-23.865,35.3833,76.48,67,100,20.42,overcast clouds
313,Sambava,MG,-14.2667,50.1667,76.86,90,100,9.51,light rain
314,Tigil,RU,57.8,158.6667,21.97,92,100,5.23,overcast clouds
315,Bathsheba,BB,13.2167,-59.5167,80.35,69,23,17.27,few clouds
316,Fukue,JP,32.6881,128.8419,60.87,62,0,6.08,clear sky
317,Arona,ES,28.0996,-16.681,62.13,58,20,16.11,few clouds
318,Changji,CN,44.0167,87.3167,65.19,42,0,4.47,clear sky
319,Shulan,CN,44.4167,126.95,53.53,65,76,12.71,broken clouds
320,Saint Anthony,US,45.0205,-93.218,45.93,46,94,8.99,overcast clouds
321,Jinzhou,CN,41.1078,121.1417,50.25,78,69,4.14,broken clouds
322,San-Pedro,CI,4.7485,-6.6363,81.97,79,100,9.84,overcast clouds
323,Rundu,NA,-17.9333,19.7667,73.17,54,74,4.18,broken clouds
324,Yulara,AU,-25.2406,130.9889,60.64,41,0,4.61,clear sky
325,Turtas,RU,58.9417,69.1325,26.15,91,99,3.47,overcast clouds
326,Nelson Bay,AU,-32.7167,152.15,66.99,94,90,13.76,overcast clouds
327,Hasaki,JP,35.7333,140.8333,50.4,69,0,18.39,clear sky
328,Tera,NE,14.0078,0.7531,98.1,11,0,5.53,clear sky
329,Macau,MO,22.2006,113.5461,72.86,83,0,11.5,clear sky
330,Constitucion,CL,-35.3333,-72.4167,64.04,71,37,12.8,scattered clouds
331,Mayma,RU,52.0197,85.9114,37.94,89,100,9.64,light rain
332,Zhuanghe,CN,39.7008,122.9911,43.56,95,39,12.12,scattered clouds
333,Harlingen,US,26.1906,-97.6961,81.05,26,0,5.75,clear sky
334,Luau,AO,-10.7073,22.2247,66.02,96,100,3.58,overcast clouds
335,Tadine,NC,-21.55,167.8833,79.72,83,27,16.75,scattered clouds
336,Kodiak,US,57.79,-152.4072,29.44,53,6,10.18,clear sky
337,Svetlyy,RU,54.675,20.1347,41.05,66,100,13.82,overcast clouds
338,Lethem,GY,3.3803,-59.7968,82.02,69,94,10.67,overcast clouds
339,Bethel,US,41.3712,-73.414,62.47,55,25,10.18,scattered clouds
340,Mayo,US,38.8876,-76.5119,65.34,44,40,20.0,scattered clouds
341,Kristiinankaupunki,FI,62.2743,21.376,32.14,84,35,16.71,scattered clouds
342,Roma,US,43.2128,-75.4557,56.95,51,99,7.0,overcast clouds
343,Jeremoabo,BR,-10.075,-38.4808,87.85,42,99,10.69,overcast clouds
344,Westport,US,41.1415,-73.3579,63.73,53,8,4.0,clear sky
345,Sibolga,ID,1.7427,98.7792,75.92,81,79,3.47,moderate rain
346,Magadan,RU,59.5667,150.8,9.81,97,70,5.26,broken clouds
347,Farmington,US,36.7281,-108.2187,66.2,11,0,4.72,clear sky
348,Mogosesti-Siret,RO,47.1333,26.7833,54.86,60,99,5.68,overcast clouds
349,Chapais,CA,49.7834,-74.8492,33.58,99,100,10.42,light snow
350,Darlowo,PL,54.421,16.4107,40.64,73,89,19.35,overcast clouds
351,Saint-Pierre,RE,-21.3393,55.4781,76.68,79,20,12.66,few clouds
352,Elat,IL,29.5581,34.9482,78.64,27,75,23.02,dust
353,Iralaya,HN,15.0,-83.2333,84.6,63,100,11.23,overcast clouds
354,Kondinskoye,RU,59.6481,67.41,23.92,98,92,2.86,overcast clouds
355,Ambunti,PG,-4.2365,142.8448,73.45,100,100,1.41,overcast clouds
356,Shache,CN,38.4167,77.2406,69.87,11,100,5.68,overcast clouds
357,Nanortalik,GL,60.1432,-45.2371,30.29,76,68,4.81,broken clouds
358,Namibe,AO,-15.1961,12.1522,72.86,73,3,5.75,clear sky
359,Joao Monlevade,BR,-19.81,-43.1736,77.79,73,78,2.64,broken clouds
360,Ulaangom,MN,49.9811,92.0667,39.18,51,39,3.62,scattered clouds
361,Araouane,ML,18.9048,-3.5265,93.69,10,69,11.63,broken clouds
362,Gravdal,NO,68.1214,13.5031,35.78,60,100,24.4,overcast clouds
363,Te Anau,NZ,-45.4167,167.7167,40.64,93,20,1.03,few clouds
364,Masyaf,SY,35.0653,36.3406,54.07,90,57,23.42,broken clouds
365,Kirksville,US,40.1948,-92.5833,39.15,73,100,14.97,overcast clouds
366,Boa Vista,BR,2.8197,-60.6733,82.11,70,85,9.19,overcast clouds
367,Poplar Bluff,US,36.757,-90.3929,46.13,50,100,15.99,overcast clouds
368,Guerrero Negro,MX,27.9769,-114.0611,86.13,20,14,5.91,few clouds
369,Kavaratti,IN,10.5669,72.642,83.55,72,100,6.06,overcast clouds
370,Hirara,JP,24.8,125.2833,70.27,69,8,15.66,clear sky
371,Taltal,CL,-25.4,-70.4833,67.41,69,24,5.99,few clouds
372,La Grande,US,45.3246,-118.0877,62.01,57,100,9.24,overcast clouds
373,Jaltenango,MX,15.8719,-92.7247,81.09,59,100,5.68,overcast clouds
374,General Roca,AR,-39.0333,-67.5833,80.62,35,33,14.45,scattered clouds
375,Sao Miguel Do Araguaia,BR,-13.275,-50.1628,88.21,53,28,6.17,scattered clouds
376,Munirabad,IN,15.3333,76.3333,87.26,32,93,10.78,overcast clouds
377,Sterling,US,39.0062,-77.4286,64.76,38,75,18.41,broken clouds
378,Katobu,ID,-4.9408,122.5276,75.4,91,100,3.29,overcast clouds
379,Hundested,DK,55.9667,11.8667,38.05,78,65,5.99,broken clouds
380,Kieta,PG,-6.2167,155.6333,79.3,83,100,3.91,light rain
381,Upernavik,GL,72.7868,-56.1549,11.08,87,100,5.57,overcast clouds
382,Pudozh,RU,61.8099,36.5345,40.33,96,100,11.27,overcast clouds
383,Lebu,CL,-37.6167,-73.65,59.72,76,100,11.74,overcast clouds
384,Roald,NO,62.5833,6.1333,38.75,80,75,17.27,broken clouds
385,Altay,CN,47.8667,88.1167,39.61,82,100,5.55,overcast clouds
386,Shirokiy,RU,49.758,129.523,26.74,95,99,2.68,overcast clouds
387,Mount Gambier,AU,-37.8333,140.7667,55.71,81,0,4.32,clear sky
388,Baiao,BR,-2.7906,-49.6717,76.26,96,98,4.59,overcast clouds
389,Tabory,RU,58.5198,64.5495,31.41,93,99,2.35,overcast clouds
390,Imbituba,BR,-28.24,-48.6703,71.82,93,100,10.71,light rain
391,Bandarbeyla,SO,9.4942,50.8122,80.67,80,19,8.77,few clouds
392,Jidong,CN,45.2167,131.0833,45.18,77,100,2.51,overcast clouds
393,Saint George,US,37.1041,-113.5841,78.64,13,0,5.75,clear sky
394,Danielskuil,ZA,-28.1887,23.5395,59.0,36,72,9.53,broken clouds
395,Inuvik,CA,68.3499,-133.7218,22.68,87,29,6.76,scattered clouds
396,Huarmey,PE,-10.0681,-78.1522,73.17,75,66,9.44,broken clouds
397,Mount Isa,AU,-20.7333,139.5,76.77,41,5,10.36,clear sky
398,Carmarthen,GB,51.8555,-4.3054,45.9,67,97,13.87,overcast clouds
399,Aksarka,RU,66.5606,67.7975,-11.47,100,100,3.2,overcast clouds
400,Bereda,ES,43.2686,-7.5406,52.14,87,100,3.27,overcast clouds
401,Dabakala,CI,8.3667,-4.4333,87.94,51,96,6.06,overcast clouds
402,Sembe,CG,1.6481,14.5806,69.51,97,100,3.87,heavy intensity rain
403,Saint-Augustin,CA,51.226,-58.6502,32.47,99,100,7.56,overcast clouds
404,Turukhansk,RU,65.8167,87.9833,5.27,97,87,4.18,overcast clouds
405,Sosnogorsk,RU,63.6023,53.8817,30.06,96,100,5.77,overcast clouds
406,Sept-Iles,CA,50.2001,-66.3821,36.05,81,100,13.0,overcast clouds
407,Shizunai,JP,42.3339,142.3669,37.85,80,100,6.91,overcast clouds
408,Olafsvik,IS,64.8945,-23.7142,33.84,58,100,7.83,overcast clouds
409,Kamenka,RU,51.3223,42.7678,51.71,72,98,14.65,overcast clouds
410,Hastings,GB,50.8552,0.5729,46.78,63,100,8.66,overcast clouds
411,Limay,PH,14.5333,120.55,75.34,79,85,7.07,overcast clouds
412,Staritsa,RU,56.5075,34.9354,41.65,94,100,8.81,overcast clouds
413,Port Macquarie,AU,-31.4333,152.9167,63.9,81,100,7.36,overcast clouds
414,Atambua,ID,-9.1061,124.8925,71.62,88,64,3.38,broken clouds
415,Simitli,BG,41.8833,23.1167,57.2,67,62,3.67,broken clouds
416,Daokou,CN,35.5639,114.5058,67.96,58,100,14.0,overcast clouds
417,Dimbokro,CI,6.6451,-4.7048,82.96,66,100,3.47,light rain
418,Basco,PH,20.4487,121.9702,75.51,86,100,25.41,overcast clouds
419,Dingle,PH,10.9995,122.6711,73.62,95,100,6.04,overcast clouds
420,Mandeville,JM,18.0417,-77.5071,80.2,54,97,6.13,overcast clouds
421,Zhucheng,CN,35.9947,119.3975,67.28,53,0,14.67,clear sky
422,Maceio,BR,-9.6658,-35.7353,82.27,70,57,8.63,broken clouds
423,Arua,UG,3.0201,30.9111,72.75,54,97,2.51,overcast clouds
424,Mtwango,TZ,-9.0167,34.8,56.5,98,38,5.91,scattered clouds
425,Marienburg,PL,54.0359,19.0266,43.88,63,75,12.24,broken clouds
426,Sa Kaeo,TH,13.75,102.3333,77.52,48,60,1.86,broken clouds
427,Zeya,RU,53.75,127.2667,23.86,93,100,3.22,overcast clouds
428,Grenfell,AU,-33.9,148.1667,59.32,87,100,10.16,overcast clouds
429,Davila,PH,18.4726,120.5763,77.47,87,100,20.13,overcast clouds
430,The Valley,AI,18.217,-63.0578,84.06,61,75,18.41,broken clouds
431,Sabha,LY,27.0377,14.4283,78.31,18,44,10.04,scattered clouds
432,Misratah,LY,32.3754,15.0925,63.07,60,65,8.7,broken clouds
433,Tabou,CI,4.423,-7.3528,82.06,80,100,10.54,overcast clouds
434,Puerto Ayacucho,VE,5.6639,-67.6236,91.11,51,85,1.41,overcast clouds
435,Bafoulabe,ML,13.8065,-10.8321,102.16,8,0,6.38,clear sky
436,Kirando,TZ,-7.4167,30.6,73.47,80,93,5.23,overcast clouds
437,Revda,RU,56.801,59.9303,33.39,99,100,2.53,overcast clouds
438,Lagoa,PT,39.05,-27.9833,62.87,83,100,40.56,overcast clouds
439,Axim,GH,4.8699,-2.2405,82.09,82,100,10.8,overcast clouds
440,Puerto Madryn,AR,-42.7692,-65.0385,62.78,70,46,9.17,scattered clouds
441,Byron Bay,AU,-28.65,153.6167,65.95,88,48,9.82,scattered clouds
442,Minab,IR,27.1467,57.0801,82.31,34,0,4.68,clear sky
443,Sendafa,ET,9.15,39.0333,57.49,33,6,2.71,clear sky
444,Kutum,SD,14.2,24.6667,83.01,13,0,7.94,clear sky
445,Estevan,CA,49.1334,-102.9842,49.21,30,7,11.61,clear sky
446,Palmas,BR,-10.2128,-48.3603,91.27,52,40,5.75,scattered clouds
447,Zapolyarnyy,RU,69.4154,30.8136,29.48,93,98,21.52,overcast clouds
448,Chicontepec,MX,20.9667,-98.1667,79.12,24,100,10.33,overcast clouds
449,Tucupita,VE,9.0622,-62.051,86.63,51,100,5.14,overcast clouds
450,Coihueco,CL,-36.6167,-71.8333,79.56,28,17,5.95,few clouds
451,Bambanglipuro,ID,-7.95,110.2833,76.41,86,100,3.44,overcast clouds
452,Berlevag,NO,70.8578,29.0864,33.8,75,75,31.07,broken clouds
453,Cayenne,GF,4.9333,-52.3333,82.44,78,75,16.11,moderate rain
454,Hambantota,LK,6.1241,81.1185,71.94,100,40,2.3,scattered clouds
455,Chifeng,CN,42.2683,118.9636,51.4,36,0,4.21,clear sky
456,Bela,IN,25.9333,81.9833,83.32,11,0,3.24,clear sky
457,Cap Malheureux,MU,-19.9842,57.6142,78.48,85,36,5.99,scattered clouds
458,Barhi,IN,23.9,80.8,84.83,10,0,2.95,clear sky
459,Santa Maria,BR,-29.6842,-53.8069,74.07,73,44,6.82,scattered clouds
460,Sawakin,SD,19.1059,37.3321,81.21,60,0,4.83,clear sky
461,Concepcion Del Oro,MX,24.6333,-101.4167,66.7,26,37,6.22,scattered clouds
462,Saint-Jean-Port-Joli,CA,47.2171,-70.2658,37.89,98,100,6.53,overcast clouds
463,Walvis Bay,NA,-22.9575,14.5053,57.09,71,0,6.46,clear sky
464,Marquette,US,46.5333,-87.6335,27.82,80,100,14.29,light snow
465,Alta Floresta,BR,-9.8756,-56.0861,83.08,78,36,4.52,scattered clouds
466,Pishin,PK,30.5803,66.9961,71.53,13,0,4.52,clear sky
467,Issia,CI,6.4922,-6.5856,84.54,60,100,3.58,overcast clouds
468,Castrillon,ES,43.3979,-6.7922,50.7,93,100,3.38,overcast clouds
469,Kandalaksha,RU,67.162,32.4123,32.74,97,100,12.26,snow
470,Lompoc,US,34.6391,-120.4579,94.01,39,13,5.99,few clouds
471,Maarianhamina,AX,60.0973,19.9348,33.66,75,100,14.97,overcast clouds
472,Northam,GB,51.0333,-4.2167,45.39,77,78,16.53,broken clouds
473,Coracora,PE,-15.0333,-73.7833,62.13,57,92,8.9,overcast clouds
474,Ruteng,ID,-8.6136,120.4721,60.35,88,40,1.54,scattered clouds
475,Mandalgovi,MN,45.7625,106.2708,49.17,32,100,16.31,overcast clouds
476,Kaeo,NZ,-35.1,173.7833,56.32,94,0,4.52,clear sky
477,Moron,AR,-34.6534,-58.6198,78.94,62,13,6.49,few clouds
478,Coolum Beach,AU,-26.5333,153.1,71.33,99,44,1.99,scattered clouds
479,Norwich,GB,52.6278,1.2983,44.78,70,20,12.66,few clouds
480,Mehamn,NO,71.0357,27.8492,33.75,75,40,16.11,scattered clouds
481,Tepalcatepec,MX,19.1833,-102.85,98.46,14,41,4.7,scattered clouds
482,Synya,RU,65.3718,58.0387,3.36,99,69,3.31,broken clouds
483,Lewistown,US,40.5992,-77.5714,56.61,76,0,5.75,clear sky
484,Salta,AR,-24.7859,-65.4117,73.58,68,96,5.01,overcast clouds
485,Ternovka,RU,51.678,41.6375,51.19,75,100,16.08,overcast clouds
486,Vila,PT,42.0304,-8.1588,47.28,93,100,3.36,overcast clouds
487,Kainantu,PG,-6.2887,145.8655,60.13,97,100,0.83,overcast clouds
488,Lata,PT,40.1629,-8.3327,56.8,98,100,6.55,overcast clouds
489,Isangel,VU,-19.55,169.2667,79.77,84,100,9.26,overcast clouds
490,Esperance,AU,-33.8667,121.9,67.32,80,93,14.94,overcast clouds
491,Tuatapere,NZ,-46.1333,167.6833,44.49,85,28,4.61,scattered clouds
492,Boende,CD,-0.2167,20.8667,67.6,93,12,3.42,few clouds
493,Kut Chap,TH,17.4257,102.5669,75.24,49,21,6.4,few clouds
494,Umm Lajj,SA,25.0213,37.2685,84.07,34,1,8.95,clear sky
495,Soderhamn,SE,61.3037,17.0592,30.96,95,100,12.15,light snow
496,Paita,PE,-5.0892,-81.1144,77.31,68,20,14.16,few clouds
497,Krasnogvardeyskoye,RU,45.8456,41.5186,52.39,79,6,13.13,clear sky
498,Anton Lizardo,MX,19.05,-95.9833,81.21,56,60,15.12,broken clouds
499,Naze,JP,28.3667,129.4833,62.2,63,0,5.23,clear sky
500,Vagay,RU,57.9375,69.0217,32.47,95,100,4.76,overcast clouds
501,Alice Springs,AU,-23.7,133.8833,51.35,62,0,5.75,clear sky
502,Ornskoldsvik,SE,63.2909,18.7153,32.95,100,100,12.66,snow
503,Sokoni,TZ,-6.4333,39.55,83.82,68,2,13.04,clear sky
504,Trinidad,BO,-14.8333,-64.9,88.23,62,100,4.21,overcast clouds
505,Tafo,GH,6.7345,-1.6127,77.27,81,100,9.28,heavy intensity rain
506,Ndele,CF,8.4109,20.6473,83.52,36,87,4.23,overcast clouds
507,Mondlo,ZA,-27.983,30.7177,52.72,95,100,7.09,overcast clouds
508,Kysyl-Syr,RU,63.8986,122.7617,11.98,97,100,3.69,overcast clouds
509,Dukat,RU,62.55,155.55,7.11,96,100,4.16,overcast clouds
510,Amazar,RU,53.858,120.875,22.41,93,100,2.42,overcast clouds
511,Sovetskiy,RU,61.3614,63.5842,24.84,98,100,2.08,overcast clouds
512,Linxia,CN,35.6003,103.2064,51.51,30,0,4.18,clear sky
513,Salekhard,RU,66.53,66.6019,-3.87,98,100,1.99,overcast clouds
514,Karpogory,RU,64.0019,44.4451,34.03,97,100,11.27,overcast clouds
515,Rassvet,RU,46.8333,40.75,52.93,88,100,4.25,overcast clouds
516,Dwarka,IN,22.2394,68.9678,81.09,70,5,8.95,clear sky
517,Praia Da Vitoria,PT,38.7333,-27.0667,63.75,91,92,36.6,overcast clouds
518,Henties Bay,NA,-22.116,14.2845,62.6,78,0,5.48,clear sky
519,Dana Point,US,33.467,-117.6981,100.8,18,8,5.01,clear sky
520,Nantucket,US,41.2835,-70.0995,60.91,76,0,16.11,clear sky
521,Yining,CN,29.0361,114.5636,62.11,62,100,2.06,overcast clouds
522,Bosaso,SO,11.2842,49.1816,80.67,75,100,1.07,overcast clouds
523,Codrington,AU,-38.2667,141.9667,58.08,81,0,7.14,clear sky
524,Presidencia Roque Saenz Pena,AR,-26.7852,-60.4388,76.71,72,97,6.76,overcast clouds
525,Constancia,MX,24.2231,-107.1869,82.04,52,99,12.21,overcast clouds
526,Pangody,RU,65.85,74.4859,-8.82,99,34,7.74,scattered clouds
527,Mwinilunga,ZM,-11.7358,24.4293,63.61,96,99,3.49,overcast clouds
528,Shenjiamen,CN,29.9576,122.298,57.97,84,0,13.33,clear sky
529,Pampa,US,35.5362,-100.9599,60.84,20,0,23.02,clear sky
530,Erenhot,CN,43.6475,111.9767,50.56,36,100,8.86,overcast clouds
531,Srandakan,ID,-7.9386,110.2506,76.5,86,100,3.53,overcast clouds
532,Abha,SA,18.2164,42.5053,62.85,55,0,5.75,clear sky
533,Bend,US,44.0582,-121.3153,53.49,50,75,14.0,broken clouds
534,Avera,US,33.194,-82.5271,63.91,36,100,19.33,overcast clouds
535,Tautira,PF,-17.7333,-149.15,80.74,77,100,18.12,light rain
536,Santa Quiteria,BR,-4.3319,-40.1567,79.57,89,96,2.95,overcast clouds
537,Havre-Saint-Pierre,CA,50.2334,-63.5986,32.22,91,100,21.52,overcast clouds
538,Hamburg,DE,53.55,10.0,43.29,75,20,11.5,few clouds
539,Collierville,US,35.042,-89.6645,50.81,49,100,17.27,overcast clouds
540,Touros,BR,-5.1989,-35.4608,83.57,72,97,13.98,overcast clouds
541,Ardabil,IR,38.2498,48.2933,57.56,46,10,20.36,clear sky
542,Whitehorse,CA,60.7161,-135.0538,39.09,61,83,8.01,broken clouds
543,La Peca,PE,-5.6111,-78.435,82.11,59,92,2.91,light rain
544,Sun Valley,US,39.5963,-119.776,74.23,21,75,14.97,broken clouds
545,Singkang,MY,2.1006,102.7994,73.33,96,88,3.4,overcast clouds
546,Zhanaozen,KZ,43.3,52.8,55.0,57,100,18.05,overcast clouds
547,San Luis,AR,-33.295,-66.3356,82.0,33,79,7.09,broken clouds
548,Siguiri,GN,11.6667,-9.5,98.24,8,51,5.12,broken clouds
549,Entre Rios,BR,-11.9419,-38.0844,84.51,52,71,10.18,broken clouds
550,San Vicente De Canete,PE,-13.0751,-76.3835,73.63,72,77,8.57,broken clouds
551,Mkushi,ZM,-13.6202,29.3939,64.2,96,78,9.98,broken clouds
552,Ziro,IN,27.6333,93.8333,48.58,97,94,2.13,overcast clouds
553,Svetlogorsk,BY,52.6333,29.7333,42.91,83,19,9.98,few clouds
554,Chicama,PE,-7.8447,-79.1469,66.74,62,85,10.83,overcast clouds
555,Nowa Sol,PL,51.8033,15.717,45.0,69,100,8.61,overcast clouds
556,Kandrian,PG,-6.2167,149.55,76.59,95,100,10.16,moderate rain
557,Eydhafushi,MV,5.1033,73.0708,84.36,66,38,5.61,scattered clouds
558,Arlit,NE,18.7369,7.3853,93.4,4,4,6.13,clear sky
559,Colchester,GB,51.8892,0.9042,45.61,64,96,10.56,overcast clouds
560,Tynda,RU,55.1667,124.7167,18.75,98,100,1.7,overcast clouds
561,Kulachi,PK,31.9286,70.4592,85.44,10,33,1.57,scattered clouds
562,Miri,MY,4.4148,114.0089,77.34,90,100,12.08,overcast clouds
563,Basoko,CD,1.2391,23.616,71.38,92,43,1.05,scattered clouds
564,Dzhebariki-Khaya,RU,62.2167,135.8,-5.76,99,66,0.96,broken clouds
565,Bubaque,GW,11.2833,-15.8333,76.84,81,9,19.06,clear sky
566,Ambatolampy,MG,-19.3833,47.4167,60.31,95,99,4.27,overcast clouds
567,Taoudenni,ML,22.6783,-3.9836,88.93,7,0,11.41,clear sky
568,Makakilo City,US,21.3469,-158.0858,79.12,59,0,18.41,clear sky
569,Troitskiy,RU,57.0603,63.7481,30.02,94,100,4.23,overcast clouds
570,Valparaiso,CL,-33.0393,-71.6273,70.03,59,75,12.66,fog
571,Pedernales,DO,18.0384,-71.744,85.35,56,100,4.47,overcast clouds
572,Belyy Yar,RU,53.6039,91.3903,40.89,57,0,8.95,clear sky
573,Nouadhibou,MR,20.931,-17.0347,66.99,70,0,23.4,clear sky
574,Talara,PE,-4.5772,-81.2719,81.36,61,0,13.8,clear sky
575,Whitecourt,CA,54.1502,-115.6855,66.16,34,37,15.28,scattered clouds
576,San Cristobal,VE,7.7669,-72.225,77.18,52,93,7.38,overcast clouds
577,Husavik,IS,66.0449,-17.3389,25.72,74,94,4.76,overcast clouds
578,Loralai,PK,30.3705,68.598,74.05,15,0,9.04,clear sky
579,Fairbanks,US,64.8378,-147.7164,14.49,68,100,14.97,light snow
580,Fukumitsu,JP,36.55,136.8667,50.11,58,0,6.6,clear sky
581,Creston,US,41.0586,-94.3614,40.96,60,100,21.85,overcast clouds
582,Harper,LR,4.375,-7.7169,82.02,80,100,10.4,overcast clouds
583,Machilipatnam,IN,16.1667,81.1333,81.45,83,86,9.15,overcast clouds
584,Manati,PR,18.4275,-66.4921,85.05,58,74,17.09,broken clouds
585,Praia,CV,14.9215,-23.5087,79.34,41,0,23.02,clear sky
586,Boueni,YT,-12.9025,45.0761,84.18,74,75,10.0,broken clouds
587,Ayan,RU,56.45,138.1667,16.92,80,16,8.21,few clouds
588,Chamba,IN,32.5667,76.1333,70.56,34,0,9.75,clear sky
589,Virginia Beach,US,36.8529,-75.978,64.45,51,75,14.97,broken clouds
590,Sompeta,IN,18.9333,84.6,78.71,83,40,13.56,scattered clouds
591,Ulaanbaatar,MN,47.9077,106.8832,42.93,31,75,2.24,broken clouds
592,Kudahuvadhoo,MV,2.6708,72.8944,83.55,70,94,5.06,overcast clouds
593,Pareora,NZ,-44.4871,171.2132,47.17,86,6,6.87,clear sky
594,Waipawa,NZ,-41.4122,175.5153,51.6,75,100,9.19,overcast clouds
595,Ukiah,US,39.1502,-123.2078,81.45,42,0,11.5,clear sky
596,Dhampur,IN,29.3167,78.5167,79.34,16,0,2.04,clear sky
597,Santa Isabel Do Rio Negro,BR,-0.4139,-65.0192,85.77,75,84,5.08,broken clouds
598,Pinar Del Rio,CU,22.4175,-83.6981,82.35,51,100,16.11,overcast clouds
599,Klamath Falls,US,42.2249,-121.7817,63.86,55,0,17.27,clear sky
600,Guasdualito,VE,7.2424,-70.7324,92.34,39,100,3.29,overcast clouds
601,Scottsboro,US,34.6723,-86.0341,48.09,81,100,8.05,light intensity drizzle
602,Camacha,PT,33.0833,-16.3333,62.02,59,20,3.44,few clouds
603,Varna,BG,43.2167,27.9167,64.54,65,100,2.3,overcast clouds
604,Hovd,MN,48.0056,91.6419,47.95,32,2,13.58,clear sky
605,Lorengau,PG,-2.0226,147.2712,78.15,91,100,6.71,overcast clouds
606,Ahuimanu,US,21.4447,-157.8378,80.31,70,40,18.41,scattered clouds
607,Aksay,RU,47.26,39.87,56.25,86,100,11.99,overcast clouds
608,Itajuba,BR,-22.4256,-45.4528,75.96,82,58,2.55,broken clouds
609,Puerto Leguizamo,CO,-0.1934,-74.7819,90.3,50,84,2.39,broken clouds
610,Dariba,IN,24.95,74.1333,85.77,15,0,10.47,clear sky
611,Valga,EE,57.7778,26.0473,37.0,77,99,3.0,overcast clouds
612,Koumac,NC,-20.5667,164.2833,78.1,82,99,3.67,overcast clouds
613,Santa Cruz De Tenerife,ES,28.4682,-16.2546,65.91,80,20,13.8,few clouds
614,Glendive,US,47.1053,-104.7125,55.02,32,0,16.11,clear sky
615,Gannan,CN,47.9147,123.5031,43.7,60,0,7.34,clear sky
616,Fort Nelson,CA,58.8053,-122.7002,31.82,98,100,11.77,snow
617,Aripuana,BR,-9.1667,-60.6333,89.91,56,97,1.77,overcast clouds
618,Novocheremshansk,RU,54.3571,50.1666,43.65,85,78,8.08,broken clouds
619,Bhuban,IN,20.8833,85.8333,76.48,83,1,5.39,clear sky
620,San Quintin,MX,30.4833,-115.95,80.2,25,72,8.3,broken clouds
621,Coari,BR,-4.085,-63.1414,84.51,74,100,0.36,heavy intensity rain
622,Ngunguru,NZ,-35.6167,174.5,58.89,75,35,6.17,scattered clouds
623,Batavia,US,41.85,-88.3126,42.48,80,100,5.01,overcast clouds
624,Narrabri,AU,-30.3167,149.7833,59.52,90,2,1.01,clear sky
625,Haines Junction,CA,60.7522,-137.5108,32.97,78,100,3.09,overcast clouds
626,Aksu,CN,41.1231,80.2644,66.24,23,100,2.71,overcast clouds
627,Mstera,RU,56.3789,41.92,41.97,88,100,11.23,overcast clouds
628,Romilly-Sur-Seine,FR,48.5108,3.7263,41.38,97,100,19.75,overcast clouds
629,Lucan,IE,53.3592,-6.4389,42.58,69,20,14.97,few clouds
630,Tripoli,LY,32.8752,13.1875,62.91,61,55,15.39,broken clouds
631,Vardo,NO,70.3705,31.1107,33.78,80,40,29.93,scattered clouds
632,Callaguip,PH,18.0714,120.4867,78.58,79,97,8.39,overcast clouds
633,Atagay,RU,55.1033,99.3875,31.95,97,100,0.31,overcast clouds
634,Emerald,AU,-23.5333,148.1667,68.34,79,5,7.54,clear sky
635,Bridlington,GB,54.0831,-0.1919,42.03,67,9,5.99,clear sky
636,Cabuyaro,CO,4.2817,-72.794,86.16,65,53,6.44,broken clouds
637,Mbandaka,CD,0.0487,18.2603,72.3,89,100,3.15,overcast clouds
638,Gornopravdinsk,RU,60.05,69.9,18.91,98,98,2.84,overcast clouds
639,Poum,NC,-20.2333,164.0167,80.87,78,99,10.09,overcast clouds
640,Tezu,IN,27.9167,96.1667,67.96,78,100,3.04,overcast clouds
641,Saint-Francois,FR,46.4154,3.9054,60.24,48,0,25.32,clear sky
642,Norrtalje,SE,59.758,18.705,32.02,95,100,12.41,light snow
643,Roswell,US,34.0232,-84.3616,56.98,53,100,12.66,overcast clouds
644,Chanute,US,37.6792,-95.4572,53.71,35,75,14.97,broken clouds
645,Banda Aceh,ID,5.5577,95.3222,80.04,79,56,5.12,broken clouds
646,Bowen,AU,-20.0167,148.2333,76.26,88,90,15.17,overcast clouds
647,Ketchikan,US,55.3422,-131.6461,45.07,61,75,9.22,broken clouds
648,Inirida,CO,3.8653,-67.9239,83.7,81,63,4.92,broken clouds
649,Cerknica,SI,45.7931,14.3625,55.65,84,100,18.99,overcast clouds
650,Cabedelo,BR,-6.9811,-34.8339,84.87,71,100,12.39,overcast clouds
651,Mitsamiouli,KM,-11.3847,43.2844,82.35,75,13,4.43,few clouds
652,Itamaraca,BR,-7.7478,-34.8256,84.25,72,39,8.81,scattered clouds
653,Polson,US,47.6936,-114.1632,62.49,49,79,1.95,broken clouds
654,Tazmalt,DZ,36.3868,4.3989,59.25,62,0,4.23,clear sky
655,Casalmaggiore,IT,44.9939,10.4189,64.04,70,34,6.76,scattered clouds
656,Kochi,IN,9.9399,76.2602,75.18,88,100,6.08,light rain
657,Preston,GB,53.7667,-2.7167,46.38,65,10,8.68,clear sky
658,Jishou,CN,28.3167,109.7167,66.4,53,100,0.4,overcast clouds
659,Karratha,AU,-20.7377,116.8463,83.17,51,18,14.43,few clouds
660,Kattivakkam,IN,13.2167,80.3167,86.09,84,23,7.29,few clouds
661,Gudari,IN,19.35,83.7833,80.28,58,40,4.54,scattered clouds
662,Antigonish,CA,45.6169,-61.9986,45.82,80,44,11.99,scattered clouds
663,Bermejo,AR,-32.8833,-68.8,80.65,35,0,2.75,clear sky
664,Plavinas,LV,56.6178,25.7255,36.75,75,60,10.89,broken clouds
665,Humaita,BR,-7.5061,-63.0208,89.46,61,65,2.42,broken clouds
666,Kruisfontein,ZA,-34.0033,24.7314,57.88,75,100,8.99,overcast clouds
667,Mamit,IN,23.9333,92.4833,66.67,67,22,2.55,few clouds
668,Jinchang,CN,38.4953,102.1739,58.77,16,0,11.41,clear sky
669,Ponta Pora,BR,-22.5361,-55.7256,67.91,83,100,13.8,light rain
670,Celestun,MX,20.8667,-90.4,76.28,55,97,21.39,overcast clouds
671,Tevriz,RU,57.509,72.4042,30.0,91,100,6.55,light snow
672,Monaragala,LK,6.8714,81.3487,74.46,88,61,2.37,broken clouds
673,Gotsu,JP,35.0,132.2167,52.54,52,0,6.26,clear sky
674,Lazaro Cardenas,MX,17.9583,-102.2,84.78,46,100,9.22,overcast clouds
675,Nome,US,64.5011,-165.4064,8.67,78,100,11.5,light snow
676,Bairiki,KI,1.3292,172.9752,80.6,83,75,8.05,light rain
677,Takoradi,GH,4.8845,-1.7554,82.45,81,100,12.01,overcast clouds
678,Kawalu,ID,-7.3817,108.2082,70.72,92,100,2.08,overcast clouds
679,Sao Joao Da Ponte,BR,-15.9292,-44.0078,91.24,29,88,3.36,overcast clouds
680,Ban Nahin,LA,18.2418,104.2122,67.87,66,65,3.76,broken clouds
681,Ganzhou,CN,28.8184,115.4327,65.07,58,10,2.51,clear sky
682,Batagay-Alyta,RU,67.8006,130.4114,-3.26,96,96,5.06,overcast clouds
683,Qom,IR,34.6401,50.8764,77.07,19,100,10.33,overcast clouds
684,Krasnokamensk,RU,50.0979,118.0369,33.12,43,14,2.39,few clouds
685,Dunbar,US,38.3606,-81.7374,51.24,78,100,1.99,overcast clouds
686,Ponca City,US,36.707,-97.0856,56.95,32,0,19.57,clear sky
687,Sabang,ID,5.8933,95.3214,81.97,75,34,7.52,scattered clouds
688,Manta,EC,-0.95,-80.7333,82.18,74,20,8.05,few clouds
689,Quatre Cocos,MU,-20.2078,57.7625,78.1,84,65,14.12,light rain
690,Yenagoa,NG,4.9247,6.2642,79.84,87,100,6.67,overcast clouds
691,Muli,MV,2.9167,73.5667,83.17,73,100,6.46,overcast clouds
692,Sergeyevka,KZ,53.88,67.4158,35.08,73,1,2.73,clear sky
693,Shaoyang,CN,27.2315,111.4525,65.66,46,100,0.92,overcast clouds
694,Teguldet,RU,57.3064,88.1667,32.27,99,100,6.8,snow
695,Novo Cruzeiro,BR,-17.4681,-41.8753,80.92,54,46,4.54,scattered clouds
